20220304||||||||
IBOV|IBRX100|Empresa|Valor (R$ Mil) em 25/02/2022|Valor (R$ Mil) em 31/01/2022|Var (%)|Valor (USD Mil) em 25/02/2022|Valor (USD Mil) em 31/01/2022|Var (%)
*|**|3R PETROLEUM|6863853482.64|7747159302.72|-11.40|1335535954.00|1446066992.00|-7.64
||3TENTOS|4956068822.94|4842352940.60|2.35|964328292.00|903862497.00|6.69
||ABC BRASIL|1757256430.80|1784291145.12|-1.52|341918596.00|333051694.00|2.66
||ACO ALTONA|190837500.00|195390000.00|-2.33|37132253.00|36471049.00|1.81
||AERIS|4352092430.08|4942076791.20|-11.94|846809439.00|922476722.00|-8.20
||AES BRASIL|5669066822.40|5811777705.95|-2.46|1103060050.00|1084813101.00|1.68
||AESOPERACOES||||0.00|0.00|
||AFLUENTE T|536219950.00|577225005.00|-7.10|104335127.00|107743496.00|-3.16
||AGRIBRASIL||||0.00|0.00|
||AGROGALAXY|1879074879.00|1901282127.57|-1.17|365621450.00|354888962.00|3.02
||ALFA CONSORC|527111858.42|500711995.20|5.27|102562918.00|93461753.00|9.74
||ALFA FINANC|508137307.64|550640518.65|-7.72|98870940.00|102781297.00|-3.80
||ALFA HOLDING|531106719.98|514130554.58|3.30|103340219.00|95966430.00|7.68
||ALFA INVEST|663267189.61|637196316.35|4.09|129055374.00|118937603.00|8.51
||ALIANSCSONAE|5908128854.94|6025068877.26|-1.94|1149575603.00|1124625542.00|2.22
||ALIPERTI|27448876.43|27448876.43|0.00|5340872.00|5123544.00|4.24
||ALLIAR|2005063231.20|1951831464.00|2.73|390135664.00|364324386.00|7.08
||ALLIED|1229579476.58|1496190341.10|-17.82|239245725.00|279275458.00|-14.33
*|**|ALPARGATAS|16223938429.84|16176696707.42|0.29|3156776750.00|3019505116.00|4.55
||ALPER S.A.|492460000.36|519878125.96|-5.27|95820524.00|97039259.00|-1.26
||ALPHAVILLE|725150935.90|656558606.26|10.45|141096419.00|122551724.00|15.13
||ALUPAR|7548635459.12|7454863561.12|1.26|1468777573.00|1391507739.00|5.55
||AMAZONIA|1224081977.43|1200661663.50|1.95|238176047.00|224112753.00|6.28
*|**|AMBEV S/A|239315672968.80|235694448969.93|1.54|46564905041.00|43994185420.00|5.84
||AMBIPAR|3862397109.60|4459826370.12|-13.40|751526853.00|832460964.00|-9.72
*|**|AMERICANAS|27666822670.00|28658272345.08|-3.46|5383278723.00|5349287405.00|0.64
||AMPLA ENERG|3001084211.26|3834255841.26|-21.73|583936687.00|715693404.00|-18.41
||ANIMA|2895739331.85|3566161548.15|-18.80|563439182.00|665651538.00|-15.36
||AREZZO CO|8917648907.18|8152109002.01|9.39|1735153696.00|1521653974.00|14.03
||ARMAC|5314323837.77|7419999320.66|-28.38|1034035848.00|1385000060.00|-25.34
*|**|ASSAI|18129465562.72|16874062813.86|7.44|3527545154.00|3149673874.00|12.00
||ATMASA|67577200.68|76124514.60|-11.23|13148850.00|14209227.00|-7.46
||ATOMPAR|62279002.12|68757690.26|-9.42|12117952.00|12834153.00|-5.58
||AURA 360|1154054950.00|1076194156.00|7.23|224550521.00|200879934.00|11.78
||AZEVEDO|170791500.00|196564500.00|-13.11|33231797.00|36690279.00|-9.43
*|**|AZUL|8437881038.40|9745769281.60|-13.42|1641802747.00|1819122948.00|-9.75
||B TECH EQI|15994422.16|23088177.60|-30.72|3112119.00|4309586.00|-27.79
*|**|B3|89317080000.00|89562120000.00|-0.27|17378892478.00|16717459962.00|3.96
||BAHEMA|241192516.25|232198897.00|3.87|46930092.00|43341714.00|8.28
||BANCO BMG|585290672.14|661083708.82|-11.46|113883074.00|123396369.00|-7.71
*|**|BANCO INTER|17508555861.19|22214141041.41|-21.18|3406731498.00|4146440632.00|-17.84
*|**|BANCO PAN|12062611771.21|13171263402.53|-8.42|2347085608.00|2458517826.00|-4.53
||BANESE|403984928.70|456871340.10|-11.58|78605465.00|85278557.00|-7.83
||BANESTES|1617535241.20|1658703427.60|-2.48|314732311.00|309609779.00|1.65
||BANPARA|508483255.19|508483255.19|0.00|98938253.00|94912319.00|4.24
||BANRISUL|4460558876.27|4697391570.72|-5.04|867914324.00|876804340.00|-1.01
||BARDELLA|15551363.36|16487969.36|-5.68|3025910.00|3077607.00|-1.68
||BAUMER|132300000.00|130977000.00|1.01|25742305.00|24447867.00|5.29
||BBMLOGISTICA||||0.00|0.00|
*|**|BBSEGURIDADE|46080000000.00|46280000000.00|-0.43|8966027163.00|8638518684.00|3.79
||BEMOBI TECH|1326363652.28|1366363652.76|-2.93|258077529.00|255042306.00|1.19
||BIC MONARK|107230050.00|108239595.00|-0.93|20864313.00|20203755.00|3.27
||BIOMM|1021308809.28|1105461406.60|-7.61|198721409.00|206342891.00|-3.69
||BK BRASIL|1831113722.55|1715464434.81|6.74|356289396.00|320204658.00|11.27
||BLAU|5360290897.32|6633987864.22|-19.20|1042979900.00|1238284964.00|-15.77
||BOA SAFRA|1696191920.48|1651678596.60|2.70|330036954.00|308298540.00|7.05
||BOA VISTA|2742232324.68|3002638107.45|-8.67|533570519.00|560465544.00|-4.80
||BOMBRIL|388159570.71|403790157.45|-3.87|75526243.00|75370545.00|0.21
||BR BROKERS|177541725.00|109944553.60|61.48|34545224.00|20521998.00|68.33
*|**|BR MALLS PAR|7794057248.44|8408351036.79|-7.31|1516530577.00|1569483525.00|-3.37
||BR PROPERT|3579905712.35|3432916206.28|4.28|696561021.00|640780268.00|8.71
*|**|BRADESCO|181759063567.57|202112697253.60|-10.07|35365813824.00|37725892644.00|-6.26
*|**|BRADESPAR|11322607775.70|10200427402.32|11.00|2203099151.00|1903988390.00|15.71
*|**|BRASIL|100891333274.20|93584519873.20|7.81|19630955612.00|17468271899.00|12.38
||BRASILAGRO|3363084712.80|2860413603.52|17.57|654373023.00|533918245.00|22.56
*|**|BRASKEM|37491205214.68|38755925320.34|-3.26|7294860337.00|7234092157.00|0.84
||BRB BANCO|11296925304.58|10592685806.56|6.65|2198101978.00|1977206445.00|11.17
*|**|BRF SA|18088127940.66|18142527583.18|-0.30|3519501876.00|3386442600.00|3.93
||BRISANET|1648178341.72|1984999528.72|-16.97|320694700.00|370515461.00|-13.45
||BRQ||||0.00|0.00|
*|**|BTGP BANCO|127180117104.00|122636414455.92|3.71|24746102094.00|22891031929.00|8.10
||CAIXA SEGURI|24960000000.00|27000000000.00|-7.56|4856598046.00|5039758092.00|-3.63
||CAMBUCI|200806630.00|191506112.40|4.86|39071999.00|35746092.00|9.30
||CAMIL|3385500000.00|3307800000.00|2.35|658734483.00|617426364.00|6.69
*|**|CARREFOUR BR|37820718427.50|33095610298.50|14.28|7358975450.00|6177550733.00|19.12
||CASAN|12103536130.91|12103536130.91|0.00|2355048475.00|2259218302.00|4.24
||CBA|11892833326.68|10331749994.22|15.11|2314050926.00|1928500764.00|19.99
*|**|CCR SA|23755200000.00|26260000000.00|-9.54|4622173795.00|4901631388.00|-5.70
||CEA MODAS|1593627001.56|2028252547.44|-21.43|310080360.00|378588970.00|-18.10
||CEB|1053560333.05|1108433331.65|-4.95|204996757.00|206897624.00|-0.92
||CEDRO|62745005.76|63517727.04|-1.22|12208625.00|11856073.00|2.97
||CEEE-D|3345606865.20|3754152361.20|-10.88|650972266.00|700741472.00|-7.10
||CEEE-T|3863227228.00|3863227228.00|0.00|751688374.00|721101136.00|4.24
||CEG|20742458409.48|15056392078.68|37.77|4035968870.00|2810391623.00|43.61
||CELESC|2355295153.85|2465180894.80|-4.46|458282125.00|460145013.00|-0.40
||CELGPAR|3234029928.00|3235588496.64|-0.05|629262157.00|603947530.00|4.19
||CELPE|8503523727.72|8484013068.36|0.23|1654575189.00|1583606426.00|4.48
||CEMEPE|26804939.40|26804939.40|0.00|5215578.00|5003349.00|4.24
*|**|CEMIG|24069369432.22|25341385073.50|-5.02|4683303388.00|4730164832.00|-0.99
|**|CESP|7471887113.56|7668033159.65|-2.56|1453844245.00|1431297488.00|1.58
*|**|CIELO|6982214706.77|6248674640.30|11.74|1358566118.00|1166363281.00|16.48
||CIMS|10520534.41|8885912.97|18.40|2047036.00|1658624.00|23.42
||CINESYSTEM||||0.00|0.00|
||CLEARSALE|1725161230.80|2166787471.80|-20.38|335673664.00|404447581.00|-17.00
||COELBA|9275533293.48|9153935206.28|1.33|1804789138.00|1708652557.00|5.63
||COELCE|4555659613.36|4440680396.04|2.59|886418573.00|828887221.00|6.94
*|**|COGNA ON|4241130034.60|4841644021.80|-12.40|825218904.00|903730172.00|-8.69
||COMERC PAR||||0.00|0.00|
||COMGAS|16100179517.49|17799268843.80|-9.55|3132696330.00|3322370710.00|-5.71
||COMPASS||||0.00|0.00|
||CONST A LIND|18605950.00|18605950.00|0.00|3620257.00|3472944.00|4.24
||COPASA|5391988518.42|5000327857.35|7.83|1049147472.00|933349733.00|12.41
*|**|COPEL|18141660461.10|18848069803.20|-3.75|3529917979.00|3518137493.00|0.33
||COR RIBEIRO|1756201.36|1756201.36|0.00|341713.00|327809.00|4.24
*|**|COSAN|39561637374.52|44546666053.64|-11.19|7697715176.00|8314978544.00|-7.42
||COSERN|2809510990.80|2598415366.00|8.12|546661282.00|485014254.00|12.71
||COTEMINAS|182384828.07|178466794.90|2.20|35487572.00|33312203.00|6.53
*|**|CPFL ENERGIA|34867219354.40|33334720949.20|4.60|6784297652.00|6222182579.00|9.03
||CR2|40328847.45|41176601.00|-2.06|7846995.00|7685930.00|2.10
||CRISTAL|1788073642.95|1929302690.83|-7.32|347914862.00|360119217.00|-3.39
||CRUZEIRO EDU|1943475201.60|2386389000.00|-18.56|378152158.00|445437899.00|-15.11
*|**|CSNMINERACAO|34665726055.60|39026898043.24|-11.17|6745092045.00|7284671304.00|-7.41
||CSU CARDSYST|589798000.00|620730000.00|-4.98|114760089.00|115864039.00|-0.95
||CTC S.A.||||0.00|0.00|
||CURY S/A|2200738163.52|2402131974.24|-8.38|428209161.00|448376446.00|-4.50
*|**|CVC BRASIL|2822931852.95|3252557338.14|-13.21|549272649.00|607114895.00|-9.53
*|**|CYRELA REALT|6068095688.82|6987504126.52|-13.16|1180701189.00|1304271499.00|-9.47
||D1000VFARMA|197351083.80|222652504.80|-11.36|38399635.00|41559806.00|-7.60
||DASA|14059302861.12|15967647298.32|-11.95|2735592260.00|2980484432.00|-8.22
||DESKTOP|1478983476.00|1711543740.48|-13.59|287773568.00|319472830.00|-9.92
*|**|DEXCO|10478459835.27|11376396117.45|-7.89|2038848861.00|2123492014.00|-3.99
||DEXXOS PAR|839262235.20|910366213.50|-7.81|163299653.00|169926870.00|-3.90
||DIMED|1951899703.38|2064682814.13|-5.46|379791358.00|385388960.00|-1.45
||DIRECIONAL|1825500000.00|2062500000.00|-11.49|355197105.00|384981521.00|-7.74
||DOHLER|1159623848.85|1162588693.95|-0.26|225634091.00|217006140.00|3.98
||DOMMO|479103964.86|550459874.52|-12.96|93221770.00|102747578.00|-9.27
||DOTZ SA|320926095.36|386960271.36|-17.06|62444273.00|72229117.00|-13.55
||DTCOM-DIRECT|83483482.50|84040039.05|-0.66|16243819.00|15686721.00|3.55
*|**|ECORODOVIAS|4519209113.76|5514967054.08|-18.06|879326208.00|1029411105.00|-14.58
||ELEKTRO|6476891937.50|5646102510.56|14.71|1260242818.00|1053888549.00|19.58
*|**|ELETROBRAS|54455316770.46|55145110817.96|-1.25|10595656452.00|10293259943.00|2.94
||ELETROMIDIA|2239740048.00|2041253453.16|9.72|435797962.00|381015689.00|14.38
||ELETROPAR|741188007.00|788365211.89|-5.98|144216836.00|147154443.00|-2.00
||EMAE|1657815659.08|1787130453.08|-7.24|322569883.00|333581673.00|-3.30
||EMBPAR S/A|233310917.60|235391397.12|-0.88|45396528.00|43937618.00|3.32
*|**|EMBRAER|13032184774.40|15038845043.64|-13.34|2535740509.00|2807116333.00|-9.67
||ENAUTA PART|4526691592.15|4056213370.30|11.60|880782113.00|757123487.00|16.33
||ENCORPAR|160761495.90|156960383.25|2.42|31280207.00|29297865.00|6.77
*|**|ENERGIAS BR|12041744352.96|12460183345.92|-3.36|2343025325.00|2325789253.00|0.74
*|**|ENERGISA|18114858789.02|18816486453.24|-3.73|3524703037.00|3512242217.00|0.35
||ENERGISA MT|17905750595.33|17862698624.15|0.24|3484015760.00|3334210368.00|4.49
*|**|ENEVA|17057588795.01|16728340607.43|1.97|3318984472.00|3122473701.00|6.29
*|**|ENGIE BRASIL|32531038993.80|33208259018.00|-2.04|6329734793.00|6198577485.00|2.12
||ENJOEI|595545906.83|621267158.62|-4.14|115878489.00|115964303.00|-0.07
||EQTL PARA|14471219921.39|12509290544.74|15.68|2815741122.00|2334955490.00|20.59
*|**|EQUATORIAL|28866857338.45|23201988871.60|24.42|5616775760.00|4330830043.00|29.69
||ESPACOLASER|1055097645.12|1560665266.74|-32.39|205295880.00|291310200.00|-29.53
||ESTAPAR|868311662.90|924804228.92|-6.11|168951952.00|172621837.00|-2.13
||ESTRELA|46981302.00|46981302.00|0.00|9141398.00|8769422.00|4.24
||ETERNIT|926648625.00|1091592080.25|-15.11|180302881.00|203754075.00|-11.51
||EUCATEX|952155371.40|990787996.56|-3.90|185265862.00|184938216.00|0.18
||EVEN|1282600000.00|1570920000.00|-18.35|249562206.00|293224325.00|-14.89
||EXCELSIOR|427177759.60|448588869.80|-4.77|83118216.00|83732570.00|-0.73
*|**|EZTEC|3988390000.00|4853260000.00|-17.82|776041950.00|905898384.00|-14.33
||FER C ATLANT|1713.69|1713.69|0.00|333.00|320.00|4.06
||FER HERINGER|775544889.60|859023679.80|-9.72|150901835.00|160343390.00|-5.89
||FERBASA|4063308800.00|4206976000.00|-3.41|790619294.00|785264494.00|0.68
||FINANSINOS|13907701.16|13907701.16|0.00|2706094.00|2595980.00|4.24
*|**|FLEURY|5710274168.16|6428827599.12|-11.18|1111077980.00|1199990219.00|-7.41
||FLEX S/A||||0.00|0.00|
||FOCUS ON|990686158.80|979927576.08|1.10|192762999.00|182911034.00|5.39
||FRAS-LE|2956726601.37|2743511585.23|7.77|575305795.00|512097582.00|12.34
||G2D INVEST|196272625.00|197450260.75|-0.60|38189794.00|36855613.00|3.62
||GAFISA|597278936.79|688389283.08|-13.24|116215694.00|128493165.00|-9.55
||GENERALSHOPP|55876437.93|58827454.50|-5.02|10872171.00|10980598.00|-0.99
||GER PARANAP|2767839524.73|2991016850.22|-7.46|538553046.00|558296347.00|-3.54
*|**|GERDAU|40839802227.09|44869490976.60|-8.98|7946414412.00|8375236304.00|-5.12
*|**|GERDAU MET|11029763904.85|12079201524.91|-8.69|2146118984.00|2254676060.00|-4.81
||GETNET BR|3061424411.28|3070584448.53|-0.30|595677396.00|573148253.00|3.93
||GETNINJAS|176288391.63|250620818.87|-29.66|34301357.00|46780307.00|-26.68
*|**|GOL|7496158210.19|7934301683.21|-5.52|1458566800.00|1480998560.00|-1.51
||GP INVEST|188901228.36|205491356.20|-8.07|36755502.00|38356545.00|-4.17
||GPS|10132510192.20|11414092509.00|-11.23|1971535625.00|2130528336.00|-7.46
||GRAZZIOTIN|689964800.60|752580417.37|-8.32|134250068.00|140474935.00|-4.43
||GRENDENE|7587165600.00|8182591200.00|-7.28|1476274585.00|1527343712.00|-3.34
||GRUPO MATEUS|13167702630.84|13499104542.69|-2.45|2562108929.00|2519711902.00|1.68
*|**|GRUPO NATURA|31937386661.55|31316573529.90|1.98|6214224746.00|5845479809.00|6.31
||GRUPO SBF|5567084684.02|6257199066.50|-11.03|1083216851.00|1167954431.00|-7.26
*|**|GRUPO SOMA|10186020901.54|11378836908.50|-10.48|1981947484.00|2123947607.00|-6.69
||GUARARAPES|6100224000.00|6359808000.00|-4.08|1186952563.00|1187107179.00|-0.01
||HABITASUL|465726700.13|411015915.00|13.31|90618885.00|76719288.00|18.12
||HAGA S/A|52518669.16|49464335.55|6.17|10218833.00|9232899.00|10.68
*|**|HAPVIDA|86637048973.08|49267273035.00|75.85|16857424791.00|9196116220.00|83.31
||HBR REALTY|761534679.78|823448068.38|-7.52|148175795.00|153702928.00|-3.60
||HELBOR|467140241.28|575559609.60|-18.84|90893926.00|107432637.00|-15.39
||HERCULES|19043775.70|19213176.20|-0.88|3705447.00|3586287.00|3.32
||HIDROVIAS|2303959408.29|2364790019.73|-2.57|448293460.00|441406283.00|1.56
||HMOBI S.A||||0.00|0.00|
||HOTEIS OTHON|49421785.59|51442750.80|-3.93|9616256.00|9602186.00|0.15
*|**|HYPERA|21219597570.50|19705721803.53|7.68|4128808338.00|3678224849.00|12.25
||IGB S/A|37952553.60|61524403.20|-38.31|7384627.00|11484004.00|-35.70
||IGUA SA|1788508342.87|1788508342.87|0.00|347999444.00|333838866.00|4.24
*|**|IGUATEMI S.A|3109380117.68|2800260621.90|11.04|605008390.00|522690227.00|15.75
||IHPARDINI|2416555077.75|3009888113.10|-19.71|470201790.00|561818814.00|-16.31
||IMC S/A|741697082.70|750288168.60|-1.15|144315890.00|140047069.00|3.05
||IND CATAGUAS||151487057.03||0.00|28276227.00|-100.00
||INDS ROMI|1019341515.80|1246676674.00|-18.24|198338622.00|232701809.00|-14.77
||INEPAR|250092733.60|276056881.60|-9.41|48661854.00|51528145.00|-5.56
||INFRACOMM|4102206662.52|4539441181.20|-9.63|798187855.00|847321682.00|-5.80
||INTELBRAS|10929106629.60|10254227743.00|6.58|2126533570.00|1914030639.00|11.10
||INTER SA||||0.00|0.00|
||INVEST BEMGE|162286606.26|162286606.26|0.00|31576956.00|30292046.00|4.24
||IOCHP-MAXION|2007577989.06|2316554387.07|-13.34|390624974.00|432402730.00|-9.66
||IRANI|1563426231.15|1648143908.70|-5.14|304204038.00|307638763.00|-1.12
*|**|IRBBRASIL RE|3879744412.86|4146001382.37|-6.42|754902209.00|773883112.00|-2.45
*|**|ITAUSA|88884646739.21|90325290611.12|-1.59|17294751671.00|16859911638.00|2.58
*|**|ITAUUNIBANCO|231663150406.80|232273887601.68|-0.26|45075913610.00|43355711278.00|3.97
||JALLESMACHAD|3182728582.80|2952864851.82|7.78|619280185.00|551174983.00|12.36
*|**|JBS|85198071197.30|83298977941.30|2.28|16577435342.00|15548396226.00|6.62
*||JHSF PART|3794820672.09|4412422589.79|-14.00|738378152.00|823612683.00|-10.35
||JOAO FORTES|115724196.50|131504768.75|-12.00|22517064.00|24546379.00|-8.27
||JOSAPAR|286670181.07|286774691.00|-0.04|55778920.00|53528706.00|4.20
||JSL|2225569476.06|2045117896.92|8.82|433040720.00|381737017.00|13.44
||KALLAS||||0.00|0.00|
||KARSTEN|115253745.35|118414367.80|-2.67|22425525.00|22102954.00|1.46
||KEPLER WEBER|1555789953.30|1180652149.50|31.77|302718207.00|220377823.00|37.36
*|**|KLABIN S/A|26519284638.55|28781263541.66|-7.86|5159996233.00|5372244660.00|-3.95
||KORA SAUDE|2447283946.69|3275421569.77|-25.28|476180867.00|611382680.00|-22.11
||LAVVI|1115905110.72|1203345436.56|-7.27|217127507.00|224613700.00|-3.33
||LE BISCUIT||||0.00|0.00|
||LE LIS BLANC|111538342.98|118423425.88|-5.81|21702600.00|22104645.00|-1.82
||LIFEMED||||0.00|0.00|
|**|LIGHT S/A|3669669941.40|4325367311.64|-15.16|714026918.00|807363145.00|-11.56
*|**|LOCALIZA|43627002858.40|44446146862.00|-1.84|8488734650.00|8296215863.00|2.32
*|**|LOCAMERICA|12860679510.08|13343972450.53|-3.62|2502369831.00|2490755301.00|0.47
*|**|LOCAWEB|5896571206.32|5725399469.60|2.99|1147326771.00|1068689937.00|7.36
||LOG COM PROP|2860456312.00|2889060875.12|-0.99|556573980.00|539265479.00|3.21
||LOG-IN|2640736742.40|2347556751.36|12.49|513821991.00|438189560.00|17.26
|**|LOJAS MARISA|1055933555.60|1220494629.20|-13.48|205458527.00|227814729.00|-9.81
*|**|LOJAS RENNER|25035904004.28|27804487385.48|-9.96|4871367086.00|5189921862.00|-6.14
||LOPES BRASIL|486930282.30|432335068.83|12.63|94744578.00|80698673.00|17.41
||LUPATECH|153880885.43|169750378.49|-9.35|29941411.00|31685216.00|-5.50
||M.DIASBRANCO|7752930000.00|7841070000.00|-1.12|1508528233.00|1463596147.00|3.07
||MAESTROLOC||||0.00|0.00|
*|**|MAGAZ LUIZA|40561050356.48|47242487936.00|-14.14|7892176199.00|8818174476.00|-10.50
||MANGELS INDL|77784201.40|80617975.28|-3.52|15134880.00|15047966.00|0.58
||MARCOPOLO|2571760228.36|3053895754.68|-15.79|500400869.00|570033179.00|-12.22
*|**|MARFRIG|15327670971.21|15541995644.24|-1.38|2982385292.00|2901033271.00|2.80
||MATER DEI|6017871382.54|6075220855.69|-0.94|1170928782.00|1133986795.00|3.26
||MELHOR SP|308706266.50|308706266.50|0.00|60066597.00|57622404.00|4.24
*|**|MELIUZ|1896661200.00|2338679700.00|-18.90|369043312.00|436532590.00|-15.46
||MELNICK|811080429.90|877630619.02|-7.58|157816171.00|163816519.00|-3.66
||MERC BRASIL|1246913412.40|1211620108.96|2.91|242618479.00|226158231.00|7.28
||MERC FINANC|334359562.00|336317170.75|-0.58|65058093.00|62776192.00|3.63
||MERC INVEST|95403278.35|95296756.90|0.11|18563116.00|17787874.00|4.36
||METAL IGUACU|7843680.00|8553231.36|-8.30|1526186.00|1596527.00|-4.41
||METAL LEVE|3487425030.00|4193121780.00|-16.83|678566570.00|782678497.00|-13.30
||METALFRIO|207760684.86|207760684.86|0.00|40425086.00|38780133.00|4.24
||METISA|457935455.01|469902556.20|-2.55|89102902.00|87710934.00|1.59
||MILLS|1583619624.40|1618923246.60|-2.18|308133172.00|302184501.00|1.97
||MINASMAQUINA|99285867.08|99285867.08|0.00|19318572.00|18532472.00|4.24
*|**|MINERVA|6564733629.67|5793483702.78|13.31|1277334636.00|1081398384.00|18.12
||MINUPAR|40186566.00|42955605.00|-6.45|7819311.00|8017995.00|-2.48
||MITRE REALTY|599743229.40|803888632.00|-25.39|116695184.00|150052009.00|-22.23
||MMX MINER|90834562.00|90834562.00|0.00|17674157.00|16954971.00|4.24
||MOBLY|569720986.40|679405587.52|-16.14|110853599.00|126816289.00|-12.59
||MODALMAIS|3243380141.29|3384503921.12|-4.17|631081477.00|631743742.00|-0.10
||MONT ARANHA|4961499480.58|4973995726.00|-0.25|965384963.00|928434637.00|3.98
||MOSAICO|987447084.00|1073532214.40|-8.02|192132756.00|200383062.00|-4.12
||MOURA DUBEUX|522192656.25|555307312.50|-5.96|101605763.00|103652390.00|-1.97
|**|MOVIDA|5916393064.38|5970738377.28|-0.91|1151183614.00|1114484335.00|3.29
*|**|MRV|5774631828.55|6480151700.49|-10.89|1123600387.00|1209570258.00|-7.11
||MULTILASER|4677073582.50|6309946640.25|-25.88|910042725.00|1177800172.00|-22.73
*|**|MULTIPLAN|12484955073.06|12151495431.00|2.74|2429263158.00|2268170275.00|7.10
||MUNDIAL|93009750.00|86065022.00|8.07|18097395.00|16064700.00|12.65
||NEOENERGIA|19529997720.32|19954826757.12|-2.13|3800054037.00|3724722208.00|2.02
||NEOGRID|644388291.00|727920106.50|-11.48|125382008.00|135871898.00|-7.72
||NORD BRASIL|5973450450.24|6010590179.76|-0.62|1162285568.00|1121922981.00|3.60
||NORDON MET|79457832.00|66214860.00|20.00|15460527.00|12359514.00|25.09
||NORTCQUIMICA|55520061.11|55520061.11|0.00|10802829.00|10363247.00|4.24
||NU-NUBANK|444194546.28|420659644.32|5.59|86429261.00|78519365.00|10.07
||NUTRIPLANT|32369832.00|32369832.00|0.00|6298368.00|6042079.00|4.24
||OCEANPACT|695859247.92|583881897.68|19.18|135396982.00|108986056.00|24.23
||ODERICH|2114236050.15|2114236050.15|0.00|411377992.00|394638453.00|4.24
||ODONTOPREV|6104577160.08|6630559004.16|-7.93|1187799580.00|1237644940.00|-4.03
||OI|5363751982.94|7167354301.25|-25.16|1043653341.00|1337841920.00|-21.99
||OMEGAENERGIA|6011887771.53|6428223489.78|-6.48|1169764520.00|1199877457.00|-2.51
||ONCOCLINICAS|4963484384.46|5374631294.55|-7.65|965771176.00|1003216354.00|-3.73
||ORIZON|2114204612.30|2002028159.40|5.60|411371875.00|373693986.00|10.08
||OSX BRASIL|24397294.50|24271372.98|0.52|4747109.00|4530439.00|4.78
||OUROFINO S/A|1259709290.10|1364370361.74|-7.67|245108240.00|254670243.00|-3.75
*|**|P.ACUCAR-CBD|6276765307.70|6096730082.85|2.95|1221303130.00|1138001658.00|7.32
||PADTEC|448732735.88|498156096.65|-9.92|87312281.00|92984675.00|-6.10
||PAGUE MENOS|4872716060.76|3816517133.20|27.67|948109908.00|712382337.00|33.09
||PANATLANTICA|1780083145.54|1641706025.46|8.43|346360109.00|306437082.00|13.03
||PAR AL BAHIA|892451807.10|899519460.00|-0.79|173649027.00|167902240.00|3.42
||PARANAPANEMA|337247906.73|353307330.86|-4.55|65620093.00|65947536.00|-0.50
||PDG REALT|70728155.82|81954847.22|-13.70|13761948.00|15297504.00|-10.04
||PET MANGUINH|180736649.43|201044138.13|-10.10|35166877.00|37526438.00|-6.29
*|**|PETROBRAS|461151511936.54|443721441780.14|3.93|89728667147.00|82824026912.00|8.34
||PETRORECSA|5134363699.20|5069749248.00|1.27|999020061.00|946307770.00|5.57
*|**|PETRORIO|22789929660.70|21112901529.20|7.94|4434356085.00|3940885790.00|12.52
||PETTENATI|411127835.44|391106937.48|5.12|79995298.00|73003124.00|9.58
*|**|PETZ|8025036253.08|8171863674.52|-1.80|1561473373.00|1525341336.00|2.37
||PINE|278266257.80|242978732.96|14.52|54143725.00|45353853.00|19.38
||PLANOEPLANO|643406400.00|776172800.00|-17.11|125190956.00|144878635.00|-13.59
||PLASCAR PART|124129925.82|135437056.20|-8.35|24152610.00|25280370.00|-4.46
||POLPAR|4526594.59|4526594.59|0.00|880763.00|844924.00|4.24
||POMIFRUTAS|9857308.80|10473390.60|-5.88|1917988.00|1954939.00|-1.89
|**|PORTO SEGURO|13565375538.80|12821801569.80|5.80|2639486232.00|2393288082.00|10.29
||PORTOBELLO|1280557822.04|1391205099.29|-7.95|249164848.00|259679154.00|-4.05
*|**|POSITIVO TEC|1132982000.00|1327248000.00|-14.64|220450247.00|247741068.00|-11.02
||PRATICA||||0.00|0.00|
||PRINER|235784037.42|247845597.09|-4.87|45877736.00|46262291.00|-0.83
||PROFARMA|594301310.40|620301992.73|-4.19|115636321.00|115784148.00|-0.13
*|**|QUALICORP|3652424219.50|5225863580.00|-30.11|710671327.00|975447713.00|-27.14
||QUALITY SOFT|6317388.50|6317388.50|0.00|1229207.00|1179189.00|4.24
||QUERO-QUERO|1509559568.14|1899123327.66|-20.51|293722919.00|354486006.00|-17.14
*|**|RAIADROGASIL|38589084800.00|38258698800.00|0.86|7508480523.00|7141280995.00|5.14
||RAIZEN|7759529699.00|8724374898.00|-11.06|1509812371.00|1628471814.00|-7.29
||RANDON PART|3522160681.61|3979121480.56|-11.48|685325268.00|742733692.00|-7.73
||RECRUSUL|144145206.18|181419702.24|-20.55|28047088.00|33863386.00|-17.18
*|**|REDE D OR|102528724905.00|89099472309.60|15.07|19949551486.00|16631103205.00|19.95
||REDE ENERGIA|14645644215.56|14455715111.90|1.31|2849679771.00|2698270637.00|5.61
||RENOVA|196334215.76|251074239.76|-21.80|38201778.00|46864942.00|-18.49
||RIOSULENSE|373120000.00|431420000.00|-13.51|72599914.00|80527868.00|-9.84
||RNI|402682233.60|408372308.64|-1.39|78351993.00|76225839.00|2.79
||ROSSI RESID|138598962.96|151807032.45|-8.70|26967927.00|28335953.00|-4.83
*|**|RUMO S.A.|28739461260.50|28961960315.42|-0.77|5591987637.00|5405973106.00|3.44
*|**|SABESP|28304143675.29|25535928705.84|10.84|5507285612.00|4766477901.00|15.54
||SANEPAR|5959187084.55|5989411194.93|-0.50|1159510271.00|1117969761.00|3.72
||SANSUY|45760158.40|46544666.40|-1.69|8903794.00|8687921.00|2.48
*|**|SANTANDER BR|115775238709.13|125403908881.40|-7.68|22526995118.00|23407606093.00|-3.76
||SANTANENSE|168500294.06|161568167.99|4.29|32785986.00|30157944.00|8.71
|**|SANTOS BRP|5591141976.96|6022557252.96|-7.16|1087897805.00|1124156728.00|-3.23
||SAO CARLOS|2043901092.60|2297945296.20|-11.06|397692550.00|428929200.00|-7.28
||SAO MARTINHO|14171073499.87|13006376227.46|8.95|2757340059.00|2427740364.00|13.58
||SARAIVA LIVR|15412364.85|10575191.07|45.74|2998865.00|1973941.00|51.92
||SCHULZ|9427049820.82|9393277288.18|0.36|1834270503.00|1753327601.00|4.62
||SEG AL BAHIA|441600000.00|418752000.00|5.46|85924427.00|78163288.00|9.93
||SEQUOIA LOG|2097415547.84|2127718723.34|-1.42|408105138.00|397155098.00|2.76
||SER EDUCA|1428809316.00|1489308449.20|-4.06|278010919.00|277990900.00|0.01
*|**|SID NACIONAL|34826853579.70|35437364160.38|-1.72|6776443472.00|6614657140.00|2.45
||SIMPAR|8831638608.65|9266942123.01|-4.70|1718418222.00|1729746168.00|-0.65
||SINQIA|1505566560.64|1676173986.32|-10.18|292945978.00|312870793.00|-6.37
|**|SLC AGRICOLA|9340221678.03|9767191102.02|-4.37|1817375896.00|1823121496.00|-0.32
||SMART FIT|10845482346.50|10147854022.59|6.87|2110262355.00|1894175164.00|11.41
||SONDOTECNICA|91679123.00|95319994.00|-3.82|17838488.00|17792212.00|0.26
||SPRINGS|259000000.00|303000000.00|-14.52|50394988.00|56557285.00|-10.90
||SPTURIS|236893344.00|236893344.00|0.00|46093580.00|44217968.00|4.24
||STARA||||0.00|0.00|
||STATKRAFT|2094094831.55|2094094831.55|0.00|407459009.00|390878940.00|4.24
||STONE CO|22804182.72|30255016.32|-24.63|4437129.00|5647332.00|-21.43
*|**|SUL AMERICA|14989729994.75|10816452967.25|38.58|2916630345.00|2018974310.00|44.46
||SUZANO HOLD|3865903852.24|3865903852.24|0.00|752209179.00|721600749.00|4.24
*|**|SUZANO S.A.|74964785570.88|80586804172.80|-6.98|14586291312.00|15042148089.00|-3.03
||SYN PROP TEC|989136003.60|1105145781.80|-10.50|192461378.00|206283978.00|-6.70
*|**|TAESA|13583591868.56|13149523245.74|3.30|2643030678.00|2454459858.00|7.68
||TAURUS ARMAS|2648428890.81|2594740192.02|2.07|515318693.00|484328255.00|6.40
||TC|1380070976.20|1202633279.26|14.75|268527645.00|224480770.00|19.62
||TECHNOS|169573424.40|206471345.45|-17.87|32994790.00|38539468.00|-14.39
||TECNISA|257667305.00|265765420.30|-3.05|50135678.00|49607164.00|1.07
||TECNOSOLO|8512190.84|9973071.98|-14.65|1656262.00|1861551.00|-11.03
||TEGMA|1005884424.60|983443433.50|2.28|195720206.00|183567296.00|6.62
||TEGRA INCORP||||0.00|0.00|
||TEKA|7195245.10|7362865.10|-2.28|1400017.00|1374336.00|1.87
||TEKNO|221085750.00|150338310.00|47.06|43017813.00|28061804.00|53.30
||TELEBRAS|2121146544.55|2265447699.60|-6.37|412722603.00|422863273.00|-2.40
*|**|TELEF BRASIL|84836713586.91|84008130974.64|0.99|16507124098.00|15680765105.00|5.27
||TENDA|1313694057.14|1670551378.46|-21.36|255612339.00|311821290.00|-18.03
||TERRASANTAPA|2192050194.36|1894708881.78|15.69|426518698.00|353662015.00|20.60
||TEX RENAUX|59618880.16|68414551.72|-12.86|11600358.00|12770103.00|-9.16
*|**|TIM|32947147856.78|32124074361.46|2.56|6410699276.00|5996206063.00|6.91
||TIME FOR FUN|219765170.54|251449106.17|-12.60|42760861.00|46934914.00|-8.89
*|**|TOTVS|20397904132.05|17941515071.67|13.69|3968927138.00|3348922065.00|18.51
||TRACK FIELD|755925072.00|850235723.84|-11.09|147084304.00|158703051.00|-7.32
||TRAN PAULIST|18304466102.64|17734502257.92|3.21|3561595926.00|3310281528.00|7.59
||TREVISA|425968080.00|426020040.00|-0.01|82882842.00|79519924.00|4.23
||TRISUL|961080320.70|1198084593.96|-19.78|187002436.00|223631723.00|-16.38
||TRIUNFO PART|309760000.00|369600000.00|-16.19|60271627.00|68988689.00|-12.64
||TUPY|2655749550.00|3008984425.00|-11.74|516743112.00|561650133.00|-8.00
*|**|ULTRAPAR|16515395314.48|16849277090.13|-1.98|3213487044.00|3145047428.00|2.18
||UNICASA|248484728.64|246502137.72|0.80|48348976.00|46011524.00|5.08
||UNIFIQUE|1893519455.07|2432973372.48|-22.17|368432007.00|454133231.00|-18.87
||UNIPAR|8996434971.15|8839881415.60|1.77|1750483514.00|1650031996.00|6.09
*|**|USIMINAS|17685430714.06|19059701302.92|-7.21|3441146965.00|3557640143.00|-3.27
*|**|VALE|473623260967.44|415061910646.26|14.11|92155360736.00|77474504544.00|18.95
||VALID|833835131.92|796082753.90|4.74|162243673.00|148594982.00|9.19
||VAMOS|10795717068.50|11997412271.60|-10.02|2100579264.00|2239409466.00|-6.20
*|**|VIA|6058033994.24|7544570040.32|-19.70|1178743432.00|1408252145.00|-16.30
*|**|VIBRA|27482350000.00|26678500000.00|3.01|5347384909.00|4979747639.00|7.38
||VITTIA|1974077676.60|2171485444.26|-9.09|384106642.00|405324494.00|-5.23
||VIVARA S.A.|6204915391.63|6212001324.70|-0.11|1207322915.00|1159517924.00|4.12
||VIVEO|4769676411.20|5078689640.00|-6.08|928060943.00|947976563.00|-2.10
||VIVER|137186604.48|182915472.64|-25.00|26693117.00|34142583.00|-21.82
||VULCABRAS|2174942759.40|2312566256.04|-5.95|423190014.00|431658315.00|-1.96
||WDC NETWORKS|843206341.52|1051780147.35|-19.83|164067078.00|196322871.00|-16.43
*|**|WEG|123401149141.20|134985746815.68|-8.58|24010808488.00|25196129991.00|-4.70
||WESTWING|286447023.20|410941306.36|-30.29|55735499.00|76705362.00|-27.34
||WETZEL S/A|34560730.38|37400774.52|-7.59|6724662.00|6981143.00|-3.67
||WHIRLPOOL|9417454440.38|9957652095.90|-5.42|1832403479.00|1858672508.00|-1.41
||WILSON SONS|4162259700.00|4417499374.80|-5.78|809872689.00|824560304.00|-1.78
||WIZ S.A.|1152931503.22|1312838785.22|-12.18|224331927.00|245051477.00|-8.46
||WLM IND COM|1327727825.06|1171559873.56|13.33|258342963.00|218680680.00|18.14
||XP INC|5323318806.09|5923644109.50|-10.13|1035786046.00|1105693827.00|-6.32
*|**|YDUQS PART|6568138083.75|6833954495.61|-3.89|1277997059.00|1275610277.00|0.19
||Total (IBXX)|4030010547230.04|3965356299916.56||784140278485.00|740164314764.00|
||Total (IBOV)|3987194745033.40|3921972539103.80||775809383400.00|732066401444.00|
||Total Geral (396)|4771336949147.67|4726956351169.29||928384042727.00|882322834057.00|
